SN:,Model,Site,Latitude,Longitude,Horizontal Accuracy (inches),Calibration pressure (PSI),Top of Casing Cap Elevation (ft NAVD88),Vertical Accuracy (inches),Sonde Depth (inches),Sonde Elevation (ft NAVD88),Total Casing Length (inches)
1021798,AT200,SD1,27.49815017,-82.68083876,6.11,14.63,3.480,6.57,69.5,-2.312,73.5
1022503,AT200,CM1,27.50047625,-82.68113717,0.17,14.63,3.741,0.28,47.5,-0.217,72
1021796,AT200,NM1,27.50845017,-82.68163044,0.39,14.62,4.215,0.59,49,0.131,57.75
1018183,AT200,NF1,27.5085205,-82.68116443,0.25,14.63,5.181,0.67,48.75,1.119,49.5
1023521,Baro TROLL,BARO,27.50038593,-82.68095766,0.5,,,,,,
,,,,,,,,,,,
,,,,,,,,,,,
,,,,,,,,,,,
,,,,,,,,,,,
,,,,,,,,,,,
